INSERT INTO "category" (id, name, description, is_delete, last_modified, created_at)
VALUES ('6e5a8cb9-d7c4-4e58-97f1-2b01af6f7c1e', 'Electronics', 'Gadgets and devices', false, '2023-09-10 10:00:00',
        '2023-01-01 08:00:00'),
       ('7c3b4f1d-1f5e-4681-a1c2-76de5fa9c7f2', 'Furniture', 'Home and office furniture', false, '2023-09-11 10:00:00',
        '2023-02-01 09:00:00'),
       ('3b8d8c7a-12f6-4c4d-846f-f8de47b4e9e3', 'Clothing', 'Men and women apparel', false, '2023-09-12 10:00:00',
        '2023-03-01 10:00:00'),
       ('2a8b4c6e-bf74-4d2c-8f07-13d6e0a0f34f', 'Beauty', 'Skincare and cosmetics', false, '2023-09-13 10:00:00',
        '2023-04-01 11:00:00'),
       ('8f2d1a7c-5e7f-45bc-8d1b-e4f8b6b1e8f5', 'Sports', 'Sporting goods and outdoor equipment', false,
        '2023-09-14 10:00:00', '2023-05-01 12:00:00');

INSERT INTO "brand" (id, name, description, is_delete, last_modified, created_at)
VALUES ('4d7c1b0a-78f1-4f6d-8c3e-5f7d4e6b0c1d', 'TechGear', 'Innovative technology products', false,
        '2023-09-20 10:00:00', '2023-01-15 09:00:00'),
       ('5f2e3d1b-6c5a-4e7b-9d4c-b8d7f1a9b3e6', 'HomeComfort', 'Comfortable and stylish furniture', false,
        '2023-09-21 10:00:00', '2023-02-15 09:30:00'),
       ('6a7d4f1e-5f3c-4c8d-9e1a-f5c6a4d8e9f2', 'StyleWear', 'Trendy clothing for all', false, '2023-09-22 10:00:00',
        '2023-03-15 10:00:00'),
       ('7b8c1d6e-4a5f-4e9b-8c2f-7d1f5b2e9d4c', 'GlowEssentials', 'Premium skincare and beauty products', false,
        '2023-09-23 10:00:00', '2023-04-15 10:30:00'),
       ('8e9f3c4d-1a7b-4b8c-9e6f-d3a4c7b9f8e5', 'ActivePro', 'High-quality sports equipment', false,
        '2023-09-24 10:00:00', '2023-05-15 11:00:00');

INSERT INTO "product" (id, name, brand_id, category_id, gender, description, is_delete, last_modified, created_at)
VALUES ('1a9f8e7d-5c6b-4f1e-8a3d-0b2c3d4f5a6e', 'Smartphone X', '4d7c1b0a-78f1-4f6d-8c3e-5f7d4e6b0c1d',
        '6e5a8cb9-d7c4-4e58-97f1-2b01af6f7c1e', 'UNISEX', 'Latest model with advanced features', false,
        '2023-09-25 11:00:00', '2023-06-01 09:00:00'),
       ('1a9f8e7d-5c6b-4f1e-8a3d-0b2c3d4f5a6f', 'ErgoChair', '5f2e3d1b-6c5a-4e7b-9d4c-b8d7f1a9b3e6',
        '7c3b4f1d-1f5e-4681-a1c2-76de5fa9c7f2', 'UNISEX', 'Ergonomic office chair', false, '2023-09-26 11:30:00',
        '2023-06-02 09:30:00'),
       ('5f4c16b0-cdeb-471c-a229-1d2ae04ea53f', 'Casual T-Shirt', '6a7d4f1e-5f3c-4c8d-9e1a-f5c6a4d8e9f2',
        '3b8d8c7a-12f6-4c4d-846f-f8de47b4e9e3', 'MALE', 'Comfortable cotton t-shirt', false, '2023-09-27 12:00:00',
        '2023-06-03 10:00:00'),
       ('4d3f5e6a-8b7c-4e9a-8c5d-4f7d1a9e3b6c', 'Anti-Aging Cream', '7b8c1d6e-4a5f-4e9b-8c2f-7d1f5b2e9d4c',
        '2a8b4c6e-bf74-4d2c-8f07-13d6e0a0f34f', 'MALE', 'Reduces signs of aging', false, '2023-09-28 12:30:00',
        '2023-06-04 10:30:00'),
       ('4d3f5e6a-8b7c-4e9a-8c5d-4f7d1a9e3b6e', 'Yoga Mat', '8e9f3c4d-1a7b-4b8c-9e6f-d3a4c7b9f8e5',
        '8f2d1a7c-5e7f-45bc-8d1b-e4f8b6b1e8f5', 'FEMALE', 'Eco-friendly yoga mat', false, '2023-09-29 13:00:00',
        '2023-06-05 11:00:00'),
       ('4d3f5e6a-8b7c-4e9a-8c5d-4f7d1a9e3b6a', '4K TV', '4d7c1b0a-78f1-4f6d-8c3e-5f7d4e6b0c1d',
        '6e5a8cb9-d7c4-4e58-97f1-2b01af6f7c1e', 'FEMALE', 'Ultra-high-definition smart TV', false,
        '2023-09-30 13:30:00', '2023-06-06 11:30:00'),
       ('9e8995e4-4625-4396-92f5-88d312d04400', 'Lounge Sofa', '5f2e3d1b-6c5a-4e7b-9d4c-b8d7f1a9b3e6',
        '7c3b4f1d-1f5e-4681-a1c2-76de5fa9c7f2', 'UNISEX', 'Comfortable living room sofa', false, '2023-10-01 14:00:00',
        '2023-06-07 12:00:00'),
       ('71329028-4ecb-4e4f-b21f-a9f4b277d561', 'Jeans Slim Fit', '6a7d4f1e-5f3c-4c8d-9e1a-f5c6a4d8e9f2',
        '3b8d8c7a-12f6-4c4d-846f-f8de47b4e9e3', 'MALE', 'Stylish and comfortable jeans', false, '2023-10-02 14:30:00',
        '2023-06-08 12:30:00'),
       ('cae9cecd-22b0-4153-8905-037ee534a16e', 'Face Cleanser', '7b8c1d6e-4a5f-4e9b-8c2f-7d1f5b2e9d4c',
        '2a8b4c6e-bf74-4d2c-8f07-13d6e0a0f34f', 'UNISEX', 'Gentle facial cleanser', false, '2023-10-03 15:00:00',
        '2023-06-09 13:00:00'),
       ('c70706f1-5cea-4083-8442-89ad7bf31f91', 'Dumbbells Set', '8e9f3c4d-1a7b-4b8c-9e6f-d3a4c7b9f8e5',
        '8f2d1a7c-5e7f-45bc-8d1b-e4f8b6b1e8f5', 'MALE', 'Adjustable dumbbells set', false, '2023-10-04 15:30:00',
        '2023-06-10 13:30:00');